tomo,method,box,sigma_boot,snr,ci68_lo,ci68_hi
1,Joint fit,3.1034169480519335e-05,9.723930011830618e-06,3.1915253855963193,2.126939800162611e-05,4.1141227907764246e-05
1,Joint fit + m2,4.014828998795524e-05,1.2641366831140188e-05,3.1759453328302842,2.7692796625195516e-05,5.3366944345137756e-05
2,Joint fit,5.009013212325638e-05,1.8287496164994096e-05,2.7390371908396545,3.241649595958733e-05,6.910879198134338e-05
2,Joint fit + m2,7.744523204883285e-05,2.4544285127489813e-05,3.1553264495812723,5.418600642629207e-05,0.00010334663111164944
3,Joint fit,6.49105378817217e-05,3.061515373268539e-05,2.120209437734158,3.499215887473205e-05,9.615183264804395e-05
3,Joint fit + m2,0.00011088887581107338,4.134970109700478e-05,2.681733431420276,7.062991454027404e-05,0.0001523280742965347
1,Joint fit,3.1034169480519335e-05,9.723930011830618e-06,3.1915253855963193,2.126939800162611e-05,4.1141227907764246e-05
1,Joint fit + m2,4.014828998795524e-05,1.2641366831140188e-05,3.1759453328302842,2.7692796625195516e-05,5.3366944345137756e-05
2,Joint fit,5.009013212325638e-05,1.8287496164994096e-05,2.7390371908396545,3.241649595958733e-05,6.910879198134338e-05
2,Joint fit + m2,7.744523204883285e-05,2.4544285127489813e-05,3.1553264495812723,5.418600642629207e-05,0.00010334663111164944
3,Joint fit,6.49105378817217e-05,3.061515373268539e-05,2.120209437734158,3.499215887473205e-05,9.615183264804395e-05
3,Joint fit + m2,0.00011088887581107338,4.134970109700478e-05,2.681733431420276,7.062991454027404e-05,0.0001523280742965347
